"Species1","Species2","n_virus"
"Anourosorex squamipes","Crocidura attenuata",1
"Anourosorex squamipes","Crocidura lasiura",1
"Ateles belzebuth","Cercopithecus ascanius",1
"Ateles belzebuth","Cercopithecus mitis",1
"Ateles belzebuth","Crocidura grandiceps",1
"Ateles belzebuth","Crocidura olivieri",1
"Ateles belzebuth","Gorilla beringei",1
"Ateles belzebuth","Gorilla gorilla",1
"Ateles belzebuth","Hipposideros armiger",1
"Ateles belzebuth","Hylobates agilis",1
"Ateles belzebuth","Hylobates albibarbis",1
"Ateles belzebuth","Hylobates lar",1
"Ateles belzebuth","Hylobates moloch",1
"Ateles belzebuth","Hylobates muelleri",1
"Ateles belzebuth","Hylobates pileatus",1
"Ateles belzebuth","Lagothrix lagothricha",1
"Ateles belzebuth","Miniopterus schreibersii",1
"Ateles belzebuth","Myotis chinensis",1
"Ateles belzebuth","Myotis davidii",1
"Ateles belzebuth","Nomascus gabriellae",1
"Ateles belzebuth","Nomascus leucogenys",1
"Ateles belzebuth","Pan troglodytes",1
"Ateles belzebuth","Papio ursinus",1
"Ateles belzebuth","Platyrrhinus lineatus",1
"Ateles belzebuth","Pongo abelii",1
"Ateles belzebuth","Pongo pygmaeus",1
"Ateles belzebuth","Rattus losea",1
"Ateles belzebuth","Rhinolophus alcyone",1
"Ateles belzebuth","Rhinolophus ferrumequinum",1
"Ateles belzebuth","Rhinolophus luctus",1
"Ateles belzebuth","Rhinolophus pearsonii",1
"Ateles belzebuth","Rhinolophus pusillus",1
"Ateles belzebuth","Rhinolophus sinicus",1
"Ateles belzebuth","Sorex araneus",1
"Ateles belzebuth","Sorex coronatus",1
"Ateles belzebuth","Uroderma bilobatum",1
"Cercopithecus ascanius","Cercopithecus mitis",1
"Cercopithecus ascanius","Crocidura grandiceps",1
"Cercopithecus ascanius","Crocidura olivieri",1
"Cercopithecus ascanius","Gorilla beringei",1
"Cercopithecus ascanius","Gorilla gorilla",1
"Cercopithecus ascanius","Hipposideros armiger",1
"Cercopithecus ascanius","Hylobates agilis",1
"Cercopithecus ascanius","Hylobates albibarbis",1
"Cercopithecus ascanius","Hylobates lar",1
"Cercopithecus ascanius","Hylobates moloch",1
"Cercopithecus ascanius","Hylobates muelleri",1
"Cercopithecus ascanius","Hylobates pileatus",1
"Cercopithecus ascanius","Lagothrix lagothricha",1
"Cercopithecus ascanius","Miniopterus schreibersii",1
"Cercopithecus ascanius","Myotis chinensis",1
"Cercopithecus ascanius","Myotis davidii",1
"Cercopithecus ascanius","Nomascus gabriellae",1
"Cercopithecus ascanius","Nomascus leucogenys",1
"Cercopithecus ascanius","Pan troglodytes",1
"Cercopithecus ascanius","Papio ursinus",1
"Cercopithecus ascanius","Platyrrhinus lineatus",1
"Cercopithecus ascanius","Pongo abelii",1
"Cercopithecus ascanius","Pongo pygmaeus",1
"Cercopithecus ascanius","Rattus losea",1
"Cercopithecus ascanius","Rhinolophus alcyone",1
"Cercopithecus ascanius","Rhinolophus ferrumequinum",1
"Cercopithecus ascanius","Rhinolophus luctus",1
"Cercopithecus ascanius","Rhinolophus pearsonii",1
"Cercopithecus ascanius","Rhinolophus pusillus",1
"Cercopithecus ascanius","Rhinolophus sinicus",1
"Cercopithecus ascanius","Sorex araneus",1
"Cercopithecus ascanius","Sorex coronatus",1
"Cercopithecus ascanius","Uroderma bilobatum",1
"Cercopithecus mitis","Crocidura grandiceps",1
"Cercopithecus mitis","Crocidura olivieri",1
"Cercopithecus mitis","Gorilla beringei",1
"Cercopithecus mitis","Gorilla gorilla",1
"Cercopithecus mitis","Hipposideros armiger",1
"Cercopithecus mitis","Hylobates agilis",1
"Cercopithecus mitis","Hylobates albibarbis",1
"Cercopithecus mitis","Hylobates lar",1
"Cercopithecus mitis","Hylobates moloch",1
"Cercopithecus mitis","Hylobates muelleri",1
"Cercopithecus mitis","Hylobates pileatus",1
"Cercopithecus mitis","Lagothrix lagothricha",1
"Cercopithecus mitis","Miniopterus schreibersii",1
"Cercopithecus mitis","Myotis chinensis",1
"Cercopithecus mitis","Myotis davidii",1
"Cercopithecus mitis","Nomascus gabriellae",1
"Cercopithecus mitis","Nomascus leucogenys",1
"Cercopithecus mitis","Pan troglodytes",1
"Cercopithecus mitis","Papio ursinus",1
"Cercopithecus mitis","Platyrrhinus lineatus",1
"Cercopithecus mitis","Pongo abelii",1
"Cercopithecus mitis","Pongo pygmaeus",1
"Cercopithecus mitis","Rattus losea",1
"Cercopithecus mitis","Rhinolophus alcyone",1
"Cercopithecus mitis","Rhinolophus ferrumequinum",1
"Cercopithecus mitis","Rhinolophus luctus",1
"Cercopithecus mitis","Rhinolophus pearsonii",1
"Cercopithecus mitis","Rhinolophus pusillus",1
"Cercopithecus mitis","Rhinolophus sinicus",1
"Cercopithecus mitis","Sorex araneus",1
"Cercopithecus mitis","Sorex coronatus",1
"Cercopithecus mitis","Uroderma bilobatum",1
"Crocidura attenuata","Crocidura lasiura",1
"Crocidura grandiceps","Crocidura olivieri",1
"Crocidura grandiceps","Gorilla beringei",1
"Crocidura grandiceps","Gorilla gorilla",1
"Crocidura grandiceps","Hipposideros armiger",1
"Crocidura grandiceps","Hylobates agilis",1
"Crocidura grandiceps","Hylobates albibarbis",1
"Crocidura grandiceps","Hylobates lar",1
"Crocidura grandiceps","Hylobates moloch",1
"Crocidura grandiceps","Hylobates muelleri",1
"Crocidura grandiceps","Hylobates pileatus",1
"Crocidura grandiceps","Lagothrix lagothricha",1
"Crocidura grandiceps","Miniopterus schreibersii",1
"Crocidura grandiceps","Myotis chinensis",1
"Crocidura grandiceps","Myotis davidii",1
"Crocidura grandiceps","Nomascus gabriellae",1
"Crocidura grandiceps","Nomascus leucogenys",1
"Crocidura grandiceps","Pan troglodytes",1
"Crocidura grandiceps","Papio ursinus",1
"Crocidura grandiceps","Platyrrhinus lineatus",1
"Crocidura grandiceps","Pongo abelii",1
"Crocidura grandiceps","Pongo pygmaeus",1
"Crocidura grandiceps","Rattus losea",1
"Crocidura grandiceps","Rhinolophus alcyone",1
"Crocidura grandiceps","Rhinolophus ferrumequinum",1
"Crocidura grandiceps","Rhinolophus luctus",1
"Crocidura grandiceps","Rhinolophus pearsonii",1
"Crocidura grandiceps","Rhinolophus pusillus",1
"Crocidura grandiceps","Rhinolophus sinicus",1
"Crocidura grandiceps","Sorex araneus",1
"Crocidura grandiceps","Sorex coronatus",1
"Crocidura grandiceps","Uroderma bilobatum",1
"Crocidura olivieri","Gorilla beringei",1
"Crocidura olivieri","Gorilla gorilla",1
"Crocidura olivieri","Hipposideros armiger",1
"Crocidura olivieri","Hylobates agilis",1
"Crocidura olivieri","Hylobates albibarbis",1
"Crocidura olivieri","Hylobates lar",1
"Crocidura olivieri","Hylobates moloch",1
"Crocidura olivieri","Hylobates muelleri",1
"Crocidura olivieri","Hylobates pileatus",1
"Crocidura olivieri","Lagothrix lagothricha",1
"Crocidura olivieri","Miniopterus schreibersii",1
"Crocidura olivieri","Myotis chinensis",1
"Crocidura olivieri","Myotis davidii",1
"Crocidura olivieri","Nomascus gabriellae",1
"Crocidura olivieri","Nomascus leucogenys",1
"Crocidura olivieri","Pan troglodytes",1
"Crocidura olivieri","Papio ursinus",1
"Crocidura olivieri","Platyrrhinus lineatus",1
"Crocidura olivieri","Pongo abelii",1
"Crocidura olivieri","Pongo pygmaeus",1
"Crocidura olivieri","Rattus losea",1
"Crocidura olivieri","Rhinolophus alcyone",1
"Crocidura olivieri","Rhinolophus ferrumequinum",1
"Crocidura olivieri","Rhinolophus luctus",1
"Crocidura olivieri","Rhinolophus pearsonii",1
"Crocidura olivieri","Rhinolophus pusillus",1
"Crocidura olivieri","Rhinolophus sinicus",1
"Crocidura olivieri","Sorex araneus",1
"Crocidura olivieri","Sorex coronatus",1
"Crocidura olivieri","Uroderma bilobatum",1
"Gorilla beringei","Gorilla gorilla",1
"Gorilla beringei","Hipposideros armiger",1
"Gorilla beringei","Hylobates agilis",1
"Gorilla beringei","Hylobates albibarbis",1
"Gorilla beringei","Hylobates lar",1
"Gorilla beringei","Hylobates moloch",1
"Gorilla beringei","Hylobates muelleri",1
"Gorilla beringei","Hylobates pileatus",1
"Gorilla beringei","Lagothrix lagothricha",1
"Gorilla beringei","Miniopterus schreibersii",1
"Gorilla beringei","Myotis chinensis",1
"Gorilla beringei","Myotis davidii",1
"Gorilla beringei","Nomascus gabriellae",1
"Gorilla beringei","Nomascus leucogenys",1
"Gorilla beringei","Pan troglodytes",1
"Gorilla beringei","Papio ursinus",1
"Gorilla beringei","Platyrrhinus lineatus",1
"Gorilla beringei","Pongo abelii",1
"Gorilla beringei","Pongo pygmaeus",1
"Gorilla beringei","Rattus losea",1
"Gorilla beringei","Rhinolophus alcyone",1
"Gorilla beringei","Rhinolophus ferrumequinum",1
"Gorilla beringei","Rhinolophus luctus",1
"Gorilla beringei","Rhinolophus pearsonii",1
"Gorilla beringei","Rhinolophus pusillus",1
"Gorilla beringei","Rhinolophus sinicus",1
"Gorilla beringei","Sorex araneus",1
"Gorilla beringei","Sorex coronatus",1
"Gorilla beringei","Uroderma bilobatum",1
"Gorilla gorilla","Hipposideros armiger",1
"Gorilla gorilla","Hylobates agilis",1
"Gorilla gorilla","Hylobates albibarbis",1
"Gorilla gorilla","Hylobates lar",1
"Gorilla gorilla","Hylobates moloch",1
"Gorilla gorilla","Hylobates muelleri",1
"Gorilla gorilla","Hylobates pileatus",1
"Gorilla gorilla","Lagothrix lagothricha",1
"Gorilla gorilla","Miniopterus schreibersii",1
"Gorilla gorilla","Myotis chinensis",1
"Gorilla gorilla","Myotis davidii",1
"Gorilla gorilla","Nomascus gabriellae",1
"Gorilla gorilla","Nomascus leucogenys",1
"Gorilla gorilla","Pan troglodytes",1
"Gorilla gorilla","Papio ursinus",1
"Gorilla gorilla","Platyrrhinus lineatus",1
"Gorilla gorilla","Pongo abelii",1
"Gorilla gorilla","Pongo pygmaeus",1
"Gorilla gorilla","Rattus losea",1
"Gorilla gorilla","Rhinolophus alcyone",1
"Gorilla gorilla","Rhinolophus ferrumequinum",1
"Gorilla gorilla","Rhinolophus luctus",1
"Gorilla gorilla","Rhinolophus pearsonii",1
"Gorilla gorilla","Rhinolophus pusillus",1
"Gorilla gorilla","Rhinolophus sinicus",1
"Gorilla gorilla","Sorex araneus",1
"Gorilla gorilla","Sorex coronatus",1
"Gorilla gorilla","Uroderma bilobatum",1
"Hipposideros armiger","Hylobates agilis",1
"Hipposideros armiger","Hylobates albibarbis",1
"Hipposideros armiger","Hylobates lar",1
"Hipposideros armiger","Hylobates moloch",1
"Hipposideros armiger","Hylobates muelleri",1
"Hipposideros armiger","Hylobates pileatus",1
"Hipposideros armiger","Lagothrix lagothricha",1
"Hipposideros armiger","Miniopterus schreibersii",1
"Hipposideros armiger","Myotis chinensis",1
"Hipposideros armiger","Myotis davidii",1
"Hipposideros armiger","Nomascus gabriellae",1
"Hipposideros armiger","Nomascus leucogenys",1
"Hipposideros armiger","Pan troglodytes",1
"Hipposideros armiger","Papio ursinus",1
"Hipposideros armiger","Platyrrhinus lineatus",1
"Hipposideros armiger","Pongo abelii",1
"Hipposideros armiger","Pongo pygmaeus",1
"Hipposideros armiger","Rattus losea",1
"Hipposideros armiger","Rhinolophus alcyone",1
"Hipposideros armiger","Rhinolophus ferrumequinum",1
"Hipposideros armiger","Rhinolophus luctus",1
"Hipposideros armiger","Rhinolophus pearsonii",1
"Hipposideros armiger","Rhinolophus pusillus",1
"Hipposideros armiger","Rhinolophus sinicus",1
"Hipposideros armiger","Sorex araneus",1
"Hipposideros armiger","Sorex coronatus",1
"Hipposideros armiger","Uroderma bilobatum",1
"Hipposideros larvatus","Hipposideros pomona",1
"Hipposideros pomona","Hipposideros ruber",1
"Hipposideros pomona","Miniopterus schreibersii",1
"Hipposideros pomona","Myotis capaccinii",1
"Hipposideros pomona","Myotis davidii",1
"Hipposideros pomona","Myotis fimbriatus",1
"Hipposideros pomona","Myotis pequinius",1
"Hipposideros pomona","Myotis pilosus",1
"Hipposideros pomona","Rhinolophus affinis",1
"Hipposideros pomona","Rhinolophus alcyone",1
"Hipposideros pomona","Uroderma bilobatum",1
"Hipposideros ruber","Miniopterus schreibersii",1
"Hipposideros ruber","Myotis capaccinii",1
"Hipposideros ruber","Myotis davidii",1
"Hipposideros ruber","Myotis fimbriatus",1
"Hipposideros ruber","Myotis pequinius",1
"Hipposideros ruber","Myotis pilosus",1
"Hipposideros ruber","Rhinolophus affinis",1
"Hipposideros ruber","Rhinolophus alcyone",1
"Hipposideros ruber","Uroderma bilobatum",1
"Hylobates agilis","Hylobates albibarbis",1
"Hylobates agilis","Hylobates lar",1
"Hylobates agilis","Hylobates moloch",1
"Hylobates agilis","Hylobates muelleri",1
"Hylobates agilis","Hylobates pileatus",1
"Hylobates agilis","Lagothrix lagothricha",1
"Hylobates agilis","Miniopterus schreibersii",1
"Hylobates agilis","Myotis chinensis",1
"Hylobates agilis","Myotis davidii",1
"Hylobates agilis","Nomascus gabriellae",1
"Hylobates agilis","Nomascus leucogenys",1
"Hylobates agilis","Pan troglodytes",1
"Hylobates agilis","Papio ursinus",1
"Hylobates agilis","Platyrrhinus lineatus",1
"Hylobates agilis","Pongo abelii",1
"Hylobates agilis","Pongo pygmaeus",1
"Hylobates agilis","Rattus losea",1
"Hylobates agilis","Rhinolophus alcyone",1
"Hylobates agilis","Rhinolophus ferrumequinum",1
"Hylobates agilis","Rhinolophus luctus",1
"Hylobates agilis","Rhinolophus pearsonii",1
"Hylobates agilis","Rhinolophus pusillus",1
"Hylobates agilis","Rhinolophus sinicus",1
"Hylobates agilis","Sorex araneus",1
"Hylobates agilis","Sorex coronatus",1
"Hylobates agilis","Uroderma bilobatum",1
"Hylobates albibarbis","Hylobates lar",1
"Hylobates albibarbis","Hylobates moloch",1
"Hylobates albibarbis","Hylobates muelleri",1
"Hylobates albibarbis","Hylobates pileatus",1
"Hylobates albibarbis","Lagothrix lagothricha",1
"Hylobates albibarbis","Miniopterus schreibersii",1
"Hylobates albibarbis","Myotis chinensis",1
"Hylobates albibarbis","Myotis davidii",1
"Hylobates albibarbis","Nomascus gabriellae",1
"Hylobates albibarbis","Nomascus leucogenys",1
"Hylobates albibarbis","Pan troglodytes",1
"Hylobates albibarbis","Papio ursinus",1
"Hylobates albibarbis","Platyrrhinus lineatus",1
"Hylobates albibarbis","Pongo abelii",1
"Hylobates albibarbis","Pongo pygmaeus",1
"Hylobates albibarbis","Rattus losea",1
"Hylobates albibarbis","Rhinolophus alcyone",1
"Hylobates albibarbis","Rhinolophus ferrumequinum",1
"Hylobates albibarbis","Rhinolophus luctus",1
"Hylobates albibarbis","Rhinolophus pearsonii",1
"Hylobates albibarbis","Rhinolophus pusillus",1
"Hylobates albibarbis","Rhinolophus sinicus",1
"Hylobates albibarbis","Sorex araneus",1
"Hylobates albibarbis","Sorex coronatus",1
"Hylobates albibarbis","Uroderma bilobatum",1
"Hylobates lar","Hylobates moloch",1
"Hylobates lar","Hylobates muelleri",1
"Hylobates lar","Hylobates pileatus",1
"Hylobates lar","Lagothrix lagothricha",1
"Hylobates lar","Miniopterus schreibersii",1
"Hylobates lar","Myotis chinensis",1
"Hylobates lar","Myotis davidii",1
"Hylobates lar","Nomascus gabriellae",1
"Hylobates lar","Nomascus leucogenys",1
"Hylobates lar","Pan troglodytes",1
"Hylobates lar","Papio ursinus",1
"Hylobates lar","Platyrrhinus lineatus",1
"Hylobates lar","Pongo abelii",1
"Hylobates lar","Pongo pygmaeus",1
"Hylobates lar","Rattus losea",1
"Hylobates lar","Rhinolophus alcyone",1
"Hylobates lar","Rhinolophus ferrumequinum",1
"Hylobates lar","Rhinolophus luctus",1
"Hylobates lar","Rhinolophus pearsonii",1
"Hylobates lar","Rhinolophus pusillus",1
"Hylobates lar","Rhinolophus sinicus",1
"Hylobates lar","Sorex araneus",1
"Hylobates lar","Sorex coronatus",1
"Hylobates lar","Uroderma bilobatum",1
"Hylobates moloch","Hylobates muelleri",1
"Hylobates moloch","Hylobates pileatus",1
"Hylobates moloch","Lagothrix lagothricha",1
"Hylobates moloch","Miniopterus schreibersii",1
"Hylobates moloch","Myotis chinensis",1
"Hylobates moloch","Myotis davidii",1
"Hylobates moloch","Nomascus gabriellae",1
"Hylobates moloch","Nomascus leucogenys",1
"Hylobates moloch","Pan troglodytes",1
"Hylobates moloch","Papio ursinus",1
"Hylobates moloch","Platyrrhinus lineatus",1
"Hylobates moloch","Pongo abelii",1
"Hylobates moloch","Pongo pygmaeus",1
"Hylobates moloch","Rattus losea",1
"Hylobates moloch","Rhinolophus alcyone",1
"Hylobates moloch","Rhinolophus ferrumequinum",1
"Hylobates moloch","Rhinolophus luctus",1
"Hylobates moloch","Rhinolophus pearsonii",1
"Hylobates moloch","Rhinolophus pusillus",1
"Hylobates moloch","Rhinolophus sinicus",1
"Hylobates moloch","Sorex araneus",1
"Hylobates moloch","Sorex coronatus",1
"Hylobates moloch","Uroderma bilobatum",1
"Hylobates muelleri","Hylobates pileatus",1
"Hylobates muelleri","Lagothrix lagothricha",1
"Hylobates muelleri","Miniopterus schreibersii",1
"Hylobates muelleri","Myotis chinensis",1
"Hylobates muelleri","Myotis davidii",1
"Hylobates muelleri","Nomascus gabriellae",1
"Hylobates muelleri","Nomascus leucogenys",1
"Hylobates muelleri","Pan troglodytes",1
"Hylobates muelleri","Papio ursinus",1
"Hylobates muelleri","Platyrrhinus lineatus",1
"Hylobates muelleri","Pongo abelii",1
"Hylobates muelleri","Pongo pygmaeus",1
"Hylobates muelleri","Rattus losea",1
"Hylobates muelleri","Rhinolophus alcyone",1
"Hylobates muelleri","Rhinolophus ferrumequinum",1
"Hylobates muelleri","Rhinolophus luctus",1
"Hylobates muelleri","Rhinolophus pearsonii",1
"Hylobates muelleri","Rhinolophus pusillus",1
"Hylobates muelleri","Rhinolophus sinicus",1
"Hylobates muelleri","Sorex araneus",1
"Hylobates muelleri","Sorex coronatus",1
"Hylobates muelleri","Uroderma bilobatum",1
"Hylobates pileatus","Lagothrix lagothricha",1
"Hylobates pileatus","Miniopterus schreibersii",1
"Hylobates pileatus","Myotis chinensis",1
"Hylobates pileatus","Myotis davidii",1
"Hylobates pileatus","Nomascus gabriellae",1
"Hylobates pileatus","Nomascus leucogenys",1
"Hylobates pileatus","Pan troglodytes",1
"Hylobates pileatus","Papio ursinus",1
"Hylobates pileatus","Platyrrhinus lineatus",1
"Hylobates pileatus","Pongo abelii",1
"Hylobates pileatus","Pongo pygmaeus",1
"Hylobates pileatus","Rattus losea",1
"Hylobates pileatus","Rhinolophus alcyone",1
"Hylobates pileatus","Rhinolophus ferrumequinum",1
"Hylobates pileatus","Rhinolophus luctus",1
"Hylobates pileatus","Rhinolophus pearsonii",1
"Hylobates pileatus","Rhinolophus pusillus",1
"Hylobates pileatus","Rhinolophus sinicus",1
"Hylobates pileatus","Sorex araneus",1
"Hylobates pileatus","Sorex coronatus",1
"Hylobates pileatus","Uroderma bilobatum",1
"Lagothrix lagothricha","Miniopterus schreibersii",1
"Lagothrix lagothricha","Myotis chinensis",1
"Lagothrix lagothricha","Myotis davidii",1
"Lagothrix lagothricha","Nomascus gabriellae",1
"Lagothrix lagothricha","Nomascus leucogenys",1
"Lagothrix lagothricha","Pan troglodytes",1
"Lagothrix lagothricha","Papio ursinus",1
"Lagothrix lagothricha","Platyrrhinus lineatus",1
"Lagothrix lagothricha","Pongo abelii",1
"Lagothrix lagothricha","Pongo pygmaeus",1
"Lagothrix lagothricha","Rattus losea",1
"Lagothrix lagothricha","Rhinolophus alcyone",1
"Lagothrix lagothricha","Rhinolophus ferrumequinum",1
"Lagothrix lagothricha","Rhinolophus luctus",1
"Lagothrix lagothricha","Rhinolophus pearsonii",1
"Lagothrix lagothricha","Rhinolophus pusillus",1
"Lagothrix lagothricha","Rhinolophus sinicus",1
"Lagothrix lagothricha","Sorex araneus",1
"Lagothrix lagothricha","Sorex coronatus",1
"Lagothrix lagothricha","Uroderma bilobatum",1
"Lagothrix lagothricha","Tupaia belangeri",1
"Marmota himalayana","Marmota monax",1
"Miniopterus schreibersii","Myotis capaccinii",1
"Miniopterus schreibersii","Myotis davidii",2
"Miniopterus schreibersii","Myotis fimbriatus",1
"Miniopterus schreibersii","Myotis pequinius",1
"Miniopterus schreibersii","Myotis pilosus",1
"Miniopterus schreibersii","Rhinolophus affinis",1
"Miniopterus schreibersii","Rhinolophus alcyone",2
"Miniopterus schreibersii","Uroderma bilobatum",2
"Miniopterus schreibersii","Myotis chinensis",1
"Miniopterus schreibersii","Nomascus gabriellae",1
"Miniopterus schreibersii","Nomascus leucogenys",1
"Miniopterus schreibersii","Pan troglodytes",1
"Miniopterus schreibersii","Papio ursinus",1
"Miniopterus schreibersii","Platyrrhinus lineatus",1
"Miniopterus schreibersii","Pongo abelii",1
"Miniopterus schreibersii","Pongo pygmaeus",1
"Miniopterus schreibersii","Rattus losea",1
"Miniopterus schreibersii","Rhinolophus ferrumequinum",1
"Miniopterus schreibersii","Rhinolophus luctus",1
"Miniopterus schreibersii","Rhinolophus pearsonii",1
"Miniopterus schreibersii","Rhinolophus pusillus",1
"Miniopterus schreibersii","Rhinolophus sinicus",1
"Miniopterus schreibersii","Sorex araneus",1
"Miniopterus schreibersii","Sorex coronatus",1
"Myotis capaccinii","Myotis davidii",1
"Myotis capaccinii","Myotis fimbriatus",1
"Myotis capaccinii","Myotis pequinius",1
"Myotis capaccinii","Myotis pilosus",1
"Myotis capaccinii","Rhinolophus affinis",1
"Myotis capaccinii","Rhinolophus alcyone",1
"Myotis capaccinii","Uroderma bilobatum",1
"Myotis chinensis","Myotis davidii",1
"Myotis chinensis","Nomascus gabriellae",1
"Myotis chinensis","Nomascus leucogenys",1
"Myotis chinensis","Pan troglodytes",1
"Myotis chinensis","Papio ursinus",1
"Myotis chinensis","Platyrrhinus lineatus",1
"Myotis chinensis","Pongo abelii",1
"Myotis chinensis","Pongo pygmaeus",1
"Myotis chinensis","Rattus losea",1
"Myotis chinensis","Rhinolophus alcyone",1
"Myotis chinensis","Rhinolophus ferrumequinum",1
"Myotis chinensis","Rhinolophus luctus",1
"Myotis chinensis","Rhinolophus pearsonii",1
"Myotis chinensis","Rhinolophus pusillus",1
"Myotis chinensis","Rhinolophus sinicus",1
"Myotis chinensis","Sorex araneus",1
"Myotis chinensis","Sorex coronatus",1
"Myotis chinensis","Uroderma bilobatum",1
"Myotis davidii","Myotis fimbriatus",1
"Myotis davidii","Myotis pequinius",1
"Myotis davidii","Myotis pilosus",1
"Myotis davidii","Rhinolophus affinis",1
"Myotis davidii","Rhinolophus alcyone",2
"Myotis davidii","Uroderma bilobatum",2
"Myotis davidii","Nomascus gabriellae",1
"Myotis davidii","Nomascus leucogenys",1
"Myotis davidii","Pan troglodytes",1
"Myotis davidii","Papio ursinus",1
"Myotis davidii","Platyrrhinus lineatus",1
"Myotis davidii","Pongo abelii",1
"Myotis davidii","Pongo pygmaeus",1
"Myotis davidii","Rattus losea",1
"Myotis davidii","Rhinolophus ferrumequinum",1
"Myotis davidii","Rhinolophus luctus",1
"Myotis davidii","Rhinolophus pearsonii",1
"Myotis davidii","Rhinolophus pusillus",1
"Myotis davidii","Rhinolophus sinicus",1
"Myotis davidii","Sorex araneus",1
"Myotis davidii","Sorex coronatus",1
"Myotis fimbriatus","Myotis pequinius",1
"Myotis fimbriatus","Myotis pilosus",1
"Myotis fimbriatus","Rhinolophus affinis",1
"Myotis fimbriatus","Rhinolophus alcyone",1
"Myotis fimbriatus","Uroderma bilobatum",1
"Myotis pequinius","Myotis pilosus",1
"Myotis pequinius","Rhinolophus affinis",1
"Myotis pequinius","Rhinolophus alcyone",1
"Myotis pequinius","Uroderma bilobatum",1
"Myotis pilosus","Rhinolophus affinis",1
"Myotis pilosus","Rhinolophus alcyone",1
"Myotis pilosus","Uroderma bilobatum",1
"Nomascus gabriellae","Nomascus leucogenys",1
"Nomascus gabriellae","Pan troglodytes",1
"Nomascus gabriellae","Papio ursinus",1
"Nomascus gabriellae","Platyrrhinus lineatus",1
"Nomascus gabriellae","Pongo abelii",1
"Nomascus gabriellae","Pongo pygmaeus",1
"Nomascus gabriellae","Rattus losea",1
"Nomascus gabriellae","Rhinolophus alcyone",1
"Nomascus gabriellae","Rhinolophus ferrumequinum",1
"Nomascus gabriellae","Rhinolophus luctus",1
"Nomascus gabriellae","Rhinolophus pearsonii",1
"Nomascus gabriellae","Rhinolophus pusillus",1
"Nomascus gabriellae","Rhinolophus sinicus",1
"Nomascus gabriellae","Sorex araneus",1
"Nomascus gabriellae","Sorex coronatus",1
"Nomascus gabriellae","Uroderma bilobatum",1
"Nomascus leucogenys","Pan troglodytes",1
"Nomascus leucogenys","Papio ursinus",1
"Nomascus leucogenys","Platyrrhinus lineatus",1
"Nomascus leucogenys","Pongo abelii",1
"Nomascus leucogenys","Pongo pygmaeus",1
"Nomascus leucogenys","Rattus losea",1
"Nomascus leucogenys","Rhinolophus alcyone",1
"Nomascus leucogenys","Rhinolophus ferrumequinum",1
"Nomascus leucogenys","Rhinolophus luctus",1
"Nomascus leucogenys","Rhinolophus pearsonii",1
"Nomascus leucogenys","Rhinolophus pusillus",1
"Nomascus leucogenys","Rhinolophus sinicus",1
"Nomascus leucogenys","Sorex araneus",1
"Nomascus leucogenys","Sorex coronatus",1
"Nomascus leucogenys","Uroderma bilobatum",1
"Otospermophilus beecheyi","Urocitellus parryii",1
"Otospermophilus beecheyi","Urocitellus richardsonii",1
"Pan troglodytes","Papio ursinus",1
"Pan troglodytes","Platyrrhinus lineatus",1
"Pan troglodytes","Pongo abelii",1
"Pan troglodytes","Pongo pygmaeus",1
"Pan troglodytes","Rattus losea",1
"Pan troglodytes","Rhinolophus alcyone",1
"Pan troglodytes","Rhinolophus ferrumequinum",1
"Pan troglodytes","Rhinolophus luctus",1
"Pan troglodytes","Rhinolophus pearsonii",1
"Pan troglodytes","Rhinolophus pusillus",1
"Pan troglodytes","Rhinolophus sinicus",1
"Pan troglodytes","Sorex araneus",1
"Pan troglodytes","Sorex coronatus",1
"Pan troglodytes","Uroderma bilobatum",1
"Papio ursinus","Platyrrhinus lineatus",1
"Papio ursinus","Pongo abelii",1
"Papio ursinus","Pongo pygmaeus",1
"Papio ursinus","Rattus losea",1
"Papio ursinus","Rhinolophus alcyone",1
"Papio ursinus","Rhinolophus ferrumequinum",1
"Papio ursinus","Rhinolophus luctus",1
"Papio ursinus","Rhinolophus pearsonii",1
"Papio ursinus","Rhinolophus pusillus",1
"Papio ursinus","Rhinolophus sinicus",1
"Papio ursinus","Sorex araneus",1
"Papio ursinus","Sorex coronatus",1
"Papio ursinus","Uroderma bilobatum",1
"Platyrrhinus lineatus","Pongo abelii",1
"Platyrrhinus lineatus","Pongo pygmaeus",1
"Platyrrhinus lineatus","Rattus losea",1
"Platyrrhinus lineatus","Rhinolophus alcyone",1
"Platyrrhinus lineatus","Rhinolophus ferrumequinum",1
"Platyrrhinus lineatus","Rhinolophus luctus",1
"Platyrrhinus lineatus","Rhinolophus pearsonii",1
"Platyrrhinus lineatus","Rhinolophus pusillus",1
"Platyrrhinus lineatus","Rhinolophus sinicus",1
"Platyrrhinus lineatus","Sorex araneus",1
"Platyrrhinus lineatus","Sorex coronatus",1
"Platyrrhinus lineatus","Uroderma bilobatum",1
"Pongo abelii","Pongo pygmaeus",1
"Pongo abelii","Rattus losea",1
"Pongo abelii","Rhinolophus alcyone",1
"Pongo abelii","Rhinolophus ferrumequinum",1
"Pongo abelii","Rhinolophus luctus",1
"Pongo abelii","Rhinolophus pearsonii",1
"Pongo abelii","Rhinolophus pusillus",1
"Pongo abelii","Rhinolophus sinicus",1
"Pongo abelii","Sorex araneus",1
"Pongo abelii","Sorex coronatus",1
"Pongo abelii","Uroderma bilobatum",1
"Pongo pygmaeus","Rattus losea",1
"Pongo pygmaeus","Rhinolophus alcyone",1
"Pongo pygmaeus","Rhinolophus ferrumequinum",1
"Pongo pygmaeus","Rhinolophus luctus",1
"Pongo pygmaeus","Rhinolophus pearsonii",1
"Pongo pygmaeus","Rhinolophus pusillus",1
"Pongo pygmaeus","Rhinolophus sinicus",1
"Pongo pygmaeus","Sorex araneus",1
"Pongo pygmaeus","Sorex coronatus",1
"Pongo pygmaeus","Uroderma bilobatum",1
"Rattus losea","Rhinolophus alcyone",1
"Rattus losea","Rhinolophus ferrumequinum",1
"Rattus losea","Rhinolophus luctus",1
"Rattus losea","Rhinolophus pearsonii",1
"Rattus losea","Rhinolophus pusillus",1
"Rattus losea","Rhinolophus sinicus",1
"Rattus losea","Sorex araneus",1
"Rattus losea","Sorex coronatus",1
"Rattus losea","Uroderma bilobatum",1
"Rhinolophus affinis","Rhinolophus alcyone",2
"Rhinolophus affinis","Uroderma bilobatum",1
"Rhinolophus affinis","Rhinolophus sinicus",1
"Rhinolophus alcyone","Uroderma bilobatum",2
"Rhinolophus alcyone","Rhinolophus ferrumequinum",1
"Rhinolophus alcyone","Rhinolophus luctus",1
"Rhinolophus alcyone","Rhinolophus pearsonii",1
"Rhinolophus alcyone","Rhinolophus pusillus",1
"Rhinolophus alcyone","Rhinolophus sinicus",2
"Rhinolophus alcyone","Sorex araneus",1
"Rhinolophus alcyone","Sorex coronatus",1
"Rhinolophus ferrumequinum","Rhinolophus luctus",1
"Rhinolophus ferrumequinum","Rhinolophus pearsonii",1
"Rhinolophus ferrumequinum","Rhinolophus pusillus",1
"Rhinolophus ferrumequinum","Rhinolophus sinicus",1
"Rhinolophus ferrumequinum","Sorex araneus",1
"Rhinolophus ferrumequinum","Sorex coronatus",1
"Rhinolophus ferrumequinum","Uroderma bilobatum",1
"Rhinolophus luctus","Rhinolophus pearsonii",1
"Rhinolophus luctus","Rhinolophus pusillus",1
"Rhinolophus luctus","Rhinolophus sinicus",1
"Rhinolophus luctus","Sorex araneus",1
"Rhinolophus luctus","Sorex coronatus",1
"Rhinolophus luctus","Uroderma bilobatum",1
"Rhinolophus pearsonii","Rhinolophus pusillus",1
"Rhinolophus pearsonii","Rhinolophus sinicus",1
"Rhinolophus pearsonii","Sorex araneus",1
"Rhinolophus pearsonii","Sorex coronatus",1
"Rhinolophus pearsonii","Uroderma bilobatum",1
"Rhinolophus pusillus","Rhinolophus sinicus",1
"Rhinolophus pusillus","Sorex araneus",1
"Rhinolophus pusillus","Sorex coronatus",1
"Rhinolophus pusillus","Uroderma bilobatum",1
"Rhinolophus sinicus","Sorex araneus",1
"Rhinolophus sinicus","Sorex coronatus",1
"Rhinolophus sinicus","Uroderma bilobatum",1
"Sorex araneus","Sorex coronatus",1
"Sorex araneus","Uroderma bilobatum",1
"Sorex coronatus","Uroderma bilobatum",1
"Urocitellus parryii","Urocitellus richardsonii",1
